{"cameraMode":{"drawMode":0,"name":"Shaded","section":"Shading Mode"},"sceneLighting":true,"audioPlay":false,"sceneViewState":{"m_AlwaysRefresh":false,"showFog":true,"showSkybox":true,"showFlares":true,"showImageEffects":true,"showParticleSystems":true,"showVisualEffectGraphs":true,"m_FxEnabled":true},"in2DMode":false,"pivot":{"x":-0.759917676448822,"y":1.8634090423583985,"z":3.585026979446411},"rotation":{"x":0.10523764789104462,"y":0.01286746934056282,"z":-0.0019958801567554476,"w":0.9948603510856628},"size":12.370964050292969,"orthographic":false}